Date,L-closing
03-03-15 16:00,41
04-03-15 16:00,40.66
05-03-15 16:00,40.69
06-03-15 16:00,40.48
09-03-15 16:00,40.62
10-03-15 16:00,39.45
11-03-15 16:00,39.69
12-03-15 16:00,40.48
13-03-15 16:00,39.93
16-03-15 16:00,40.43
17-03-15 16:00,40.55
18-03-15 16:00,41.03
19-03-15 16:00,40.85
20-03-15 16:00,41.05
23-03-15 16:00,41
24-03-15 16:00,40.61
25-03-15 16:00,40.26
26-03-15 16:00,40.4
27-03-15 16:00,40.19
30-03-15 16:00,40.76
31-03-15 16:00,40.83
01-04-15 16:00,40.43
02-04-15 16:00,41.15
06-04-15 16:00,41.53
07-04-15 16:00,41.34
08-04-15 16:00,41.52
09-04-15 16:00,41.44
10-04-15 16:00,41.17
13-04-15 16:00,41.51
14-04-15 16:00,41.65
15-04-15 16:00,42.4
16-04-15 16:00,42.24
17-04-15 16:00,41.84
20-04-15 16:00,41.9
21-04-15 16:00,41.21
22-04-15 16:00,41.36
23-04-15 16:00,41.65
24-04-15 16:00,41.62
27-04-15 16:00,41.43
28-04-15 16:00,41.96
29-04-15 16:00,41.89
30-04-15 16:00,41.64
01-05-15 16:00,41.73
04-05-15 16:00,41.67
05-05-15 16:00,41.27
06-05-15 16:00,41.09
07-05-15 16:00,41.22
08-05-15 16:00,41.42
11-05-15 16:00,41.15
12-05-15 16:00,40.95
13-05-15 16:00,40.57
14-05-15 16:00,40.9
15-05-15 16:00,40.64
18-05-15 16:00,41.05
19-05-15 16:00,41.1
20-05-15 16:00,41.17
21-05-15 16:00,41.05
22-05-15 16:00,40.7
26-05-15 16:00,40.05
27-05-15 16:00,40.23
28-05-15 16:00,40.33
29-05-15 16:00,40.12
01-06-15 16:00,40.01
02-06-15 16:00,40.43
03-06-15 16:00,40.73
04-06-15 16:00,40.14
05-06-15 16:00,40.13
08-06-15 16:00,39.72
09-06-15 16:00,39.66
10-06-15 16:00,40.59
11-06-15 16:00,40.47
12-06-15 16:00,40.01
15-06-15 16:00,39.51
16-06-15 16:00,39.54
17-06-15 16:00,39.47
18-06-15 16:00,39.65
19-06-15 16:00,39.27
22-06-15 16:00,39.61
23-06-15 16:00,39.57
24-06-15 16:00,39.14
25-06-15 16:00,38.76
26-06-15 16:00,38.97
29-06-15 16:00,38.18
30-06-15 16:00,38.51
01-07-15 16:00,38.85
02-07-15 16:00,38.69
06-07-15 16:00,38.6
07-07-15 16:00,38.86
08-07-15 16:00,38.21
09-07-15 16:00,38.4
10-07-15 16:00,38.83
13-07-15 16:00,39.17
14-07-15 16:00,38.95
15-07-15 16:00,38.88
16-07-15 16:00,38.97
17-07-15 16:00,38.57
20-07-15 16:00,38.42
21-07-15 16:00,38.35
22-07-15 16:00,38.11
23-07-15 16:00,37.79
24-07-15 16:00,37.82
27-07-15 16:00,37.76
28-07-15 16:00,38.15
29-07-15 16:00,38.3
30-07-15 16:00,38.31
31-07-15 16:00,38.11
03-08-15 16:00,37.09
04-08-15 16:00,37.51
05-08-15 16:00,37.7
06-08-15 16:00,37.97
07-08-15 16:00,37.94
10-08-15 16:00,39.05
11-08-15 16:00,39.03
12-08-15 16:00,38.8
13-08-15 16:00,38.81
14-08-15 16:00,38.99
17-08-15 16:00,38.82
18-08-15 16:00,38.77
19-08-15 16:00,38.45
20-08-15 16:00,37.79
21-08-15 16:00,37.08
24-08-15 16:00,36.11
25-08-15 16:00,35.36
26-08-15 16:00,35.79
27-08-15 16:00,36.52
28-08-15 16:00,36.53
31-08-15 16:00,36.45
01-09-15 16:00,35.72
02-09-15 16:00,36.06
03-09-15 16:00,36.48
04-09-15 16:00,36.09
08-09-15 16:00,36.61
09-09-15 16:00,36.09
10-09-15 16:00,36.24
11-09-15 16:00,36.31
14-09-15 16:00,36.1
15-09-15 16:00,36.37
16-09-15 16:00,36.56
17-09-15 16:00,36.27
18-09-15 16:00,35.81
21-09-15 16:00,36.23
22-09-15 16:00,35.88
23-09-15 16:00,35.69
24-09-15 16:00,35.72
25-09-15 16:00,35.97
28-09-15 16:00,35.4
29-09-15 16:00,35.65
30-09-15 16:00,36.14
01-10-15 16:00,35.37
02-10-15 16:00,35.55
05-10-15 16:00,36.64
06-10-15 16:00,36.74
07-10-15 16:00,36.55
08-10-15 16:00,36.78
09-10-15 16:00,36.29
12-10-15 16:00,36.33
13-10-15 16:00,36.03
14-10-15 16:00,35.64
15-10-15 16:00,36.01
16-10-15 16:00,36.18
19-10-15 16:00,36.11
20-10-15 16:00,36.43
21-10-15 16:00,36.25
22-10-15 16:00,36.59
23-10-15 16:00,36.7
26-10-15 16:00,36.62
27-10-15 16:00,36.12
28-10-15 16:00,36.85
29-10-15 16:00,36.8
30-10-15 16:00,36.46
02-11-15 16:00,37.58
03-11-15 16:00,37.27
04-11-15 16:00,37.02
05-11-15 16:00,37.24
06-11-15 16:00,37.8
09-11-15 16:00,37.63
10-11-15 16:00,37.83
11-11-15 16:00,37.53
12-11-15 16:00,37.03
13-11-15 16:00,36.96
16-11-15 16:00,37.57
17-11-15 16:00,37.49
18-11-15 16:00,37.97
19-11-15 16:00,37.86
20-11-15 16:00,37.91
23-11-15 16:00,37.76
24-11-15 16:00,37.86
25-11-15 16:00,37.77
27-11-15 16:00,37.72
30-11-15 16:00,37.89
01-12-15 16:00,38.31
02-12-15 16:00,38.25
03-12-15 16:00,37.5
04-12-15 16:00,38.41
07-12-15 16:00,38.33
08-12-15 16:00,38.02
09-12-15 16:00,37.2
10-12-15 16:00,37.8
11-12-15 16:00,36.92
14-12-15 16:00,36.77
15-12-15 16:00,37.41
16-12-15 16:00,37.76
17-12-15 16:00,36.96
18-12-15 16:00,36.68
21-12-15 16:00,37.04
22-12-15 16:00,37.8
23-12-15 16:00,38.47
24-12-15 16:00,38.47
28-12-15 16:00,38.34
29-12-15 16:00,38.8
30-12-15 16:00,38.51
31-12-15 16:00,38.4
04-01-16 16:00,37.78
05-01-16 16:00,37.89
06-01-16 16:00,37.05
07-01-16 16:00,36.16
08-01-16 16:00,35.9
11-01-16 16:00,35.85
12-01-16 16:00,35.9
13-01-16 16:00,35.18
14-01-16 16:00,35.78
15-01-16 16:00,35.45
19-01-16 16:00,35.07
20-01-16 16:00,34.27
21-01-16 16:00,34.38
22-01-16 16:00,35
25-01-16 16:00,34.21
26-01-16 16:00,34.63
27-01-16 16:00,35.54
28-01-16 16:00,35.97
29-01-16 16:00,37.01
01-02-16 16:00,36.98
02-02-16 16:00,36.22
03-02-16 16:00,36.3
04-02-16 16:00,36.55
05-02-16 16:00,36.29
08-02-16 16:00,36.32
09-02-16 16:00,36.38
10-02-16 16:00,36.28
11-02-16 16:00,35.54
12-02-16 16:00,35.86
16-02-16 16:00,36.53
17-02-16 16:00,37.39
18-02-16 16:00,37.23
19-02-16 16:00,36.92
22-02-16 16:00,37.45
23-02-16 16:00,36.5
24-02-16 16:00,36.18
25-02-16 16:00,36.44
26-02-16 16:00,36.62
29-02-16 16:00,36.35
01-03-16 16:00,37.26
02-03-16 16:00,37.38
03-03-16 16:00,37.68
04-03-16 16:00,37.87
07-03-16 16:00,37.39
08-03-16 16:00,36.67
09-03-16 16:00,36.37
10-03-16 16:00,36.59
11-03-16 16:00,37.72
14-03-16 16:00,37.63
15-03-16 16:00,37.61
16-03-16 16:00,37.77
17-03-16 16:00,38.76
18-03-16 16:00,39.37
21-03-16 16:00,39.34
22-03-16 16:00,39.25
23-03-16 16:00,38.64
24-03-16 16:00,38.36
28-03-16 16:00,38.37
29-03-16 16:00,38.27
30-03-16 16:00,38.55
31-03-16 16:00,38.26
01-04-16 16:00,38.53
04-04-16 16:00,37.96
05-04-16 16:00,37.69
06-04-16 16:00,37.69
07-04-16 16:00,37.52
08-04-16 16:00,37.92
11-04-16 16:00,38.22
12-04-16 16:00,38.69
13-04-16 16:00,39.45
14-04-16 16:00,39.51
15-04-16 16:00,39.35
18-04-16 16:00,39.44
19-04-16 16:00,39.74
20-04-16 16:00,39.95
21-04-16 16:00,39.14
22-04-16 16:00,39.86
25-04-16 16:00,39.68
26-04-16 16:00,40.09
27-04-16 16:00,40.24
28-04-16 16:00,39.75
29-04-16 16:00,39.68
02-05-16 16:00,40.15
03-05-16 16:00,39.86
04-05-16 16:00,39.76
05-05-16 16:00,39.71
06-05-16 16:00,39.66
09-05-16 16:00,39.42
10-05-16 16:00,39.99
11-05-16 16:00,39.6
12-05-16 16:00,39.65
13-05-16 16:00,39.37
16-05-16 16:00,39.83
17-05-16 16:00,39.68
18-05-16 16:00,40.3
19-05-16 16:00,39.89
20-05-16 16:00,40.17
23-05-16 16:00,40.08
24-05-16 16:00,40.25
25-05-16 16:00,40.23
26-05-16 16:00,40.47
27-05-16 16:00,40.65
31-05-16 16:00,40.48
01-06-16 16:00,40.44
02-06-16 16:00,40.55
03-06-16 16:00,40.26
06-06-16 16:00,40.2
07-06-16 16:00,40.16
08-06-16 16:00,40.54
09-06-16 16:00,40.1
10-06-16 16:00,39.79
13-06-16 16:00,39.71
14-06-16 16:00,39.36
15-06-16 16:00,39.48
16-06-16 16:00,39.69
17-06-16 16:00,40.04
20-06-16 16:00,40.04
21-06-16 16:00,40.34
22-06-16 16:00,40.25
23-06-16 16:00,40.96
24-06-16 16:00,39.37
27-06-16 16:00,38.34
28-06-16 16:00,39.03
29-06-16 16:00,39.92
30-06-16 16:00,41.09
01-07-16 16:00,40.91
05-07-16 16:00,40.02
06-07-16 16:00,40.13
07-07-16 16:00,40.13
08-07-16 16:00,40.78
11-07-16 16:00,40.63
12-07-16 16:00,41.21
13-07-16 16:00,41.21
14-07-16 16:00,41.49
15-07-16 16:00,41.38
18-07-16 16:00,41.24
19-07-16 16:00,41.23
20-07-16 16:00,41.18
21-07-16 16:00,41.08
22-07-16 16:00,41.3
25-07-16 16:00,41.16
26-07-16 16:00,41.29
27-07-16 16:00,41.2
28-07-16 16:00,41.19
29-07-16 16:00,41.33
01-08-16 16:00,40.52
02-08-16 16:00,40.17
03-08-16 16:00,40.45
04-08-16 16:00,40.39
05-08-16 16:00,41.15
08-08-16 16:00,41.12
09-08-16 16:00,41.22
10-08-16 16:00,40.96
11-08-16 16:00,41.26
12-08-16 16:00,41.06
15-08-16 16:00,41.33
16-08-16 16:00,41.18
17-08-16 16:00,41.34
18-08-16 16:00,41.57
19-08-16 16:00,41.45
22-08-16 16:00,41.47
23-08-16 16:00,41.48
24-08-16 16:00,41.47
25-08-16 16:00,41.73
26-08-16 16:00,41.43
29-08-16 16:00,41.77
30-08-16 16:00,41.8
31-08-16 16:00,41.86
01-09-16 16:00,41.31
02-09-16 16:00,41.63
06-09-16 16:00,41.55
07-09-16 16:00,41.5
08-09-16 16:00,41.77
09-09-16 16:00,41.21
12-09-16 16:00,41.75
13-09-16 16:00,41.2
14-09-16 16:00,40.7
15-09-16 16:00,40.93
16-09-16 16:00,40.17
19-09-16 16:00,40.37
20-09-16 16:00,40.31
21-09-16 16:00,40.87
22-09-16 16:00,41.15
23-09-16 16:00,40.12
26-09-16 16:00,39.9
27-09-16 16:00,40.43
28-09-16 16:00,40.94
29-09-16 16:00,40.77
30-09-16 16:00,41.15
03-10-16 16:00,40.92
04-10-16 16:00,40.87
05-10-16 16:00,41.26
06-10-16 16:00,41.16
07-10-16 16:00,41.29
10-10-16 16:00,41.55
11-10-16 16:00,41.18
12-10-16 16:00,41.39
13-10-16 16:00,40.92
14-10-16 16:00,41.14
17-10-16 16:00,41.01
18-10-16 16:00,41.29
19-10-16 16:00,41.83
20-10-16 16:00,41.41
21-10-16 16:00,40.8
24-10-16 16:00,40.89
25-10-16 16:00,40.88
26-10-16 16:00,40.88
27-10-16 16:00,41.01
28-10-16 16:00,41.02
31-10-16 16:00,43.03
01-11-16 16:00,42.36
02-11-16 16:00,41.79
03-11-16 16:00,41.85
04-11-16 16:00,41.41
07-11-16 16:00,41.83
08-11-16 16:00,42.55
09-11-16 16:00,43.14
10-11-16 16:00,43.48
11-11-16 16:00,43.41
14-11-16 16:00,43.96
15-11-16 16:00,43.94
16-11-16 16:00,43.61
17-11-16 16:00,43.99
18-11-16 16:00,43.86
21-11-16 16:00,44.2
22-11-16 16:00,44.45
23-11-16 16:00,44.76
25-11-16 16:00,44.47
28-11-16 16:00,44.33
29-11-16 16:00,44.42
30-11-16 16:00,44.65
01-12-16 16:00,45.01
02-12-16 16:00,44.88
05-12-16 16:00,45.21
06-12-16 16:00,45.94
07-12-16 16:00,46.49
08-12-16 16:00,46.94
09-12-16 16:00,47.37
12-12-16 16:00,47.5
13-12-16 16:00,47.71
14-12-16 16:00,47.23
15-12-16 16:00,47.44
16-12-16 16:00,47.49
19-12-16 16:00,47.43
20-12-16 16:00,47.72
21-12-16 16:00,47.9
22-12-16 16:00,47.68
23-12-16 16:00,47.51
27-12-16 16:00,47.44
28-12-16 16:00,47.19
29-12-16 16:00,46.95
30-12-16 16:00,46.83
03-01-17 16:00,47.2
04-01-17 16:00,46.9
05-01-17 16:00,46.54
06-01-17 16:00,46.75
09-01-17 16:00,46.29
10-01-17 16:00,46.47
11-01-17 16:00,46.43
12-01-17 16:00,46.15
13-01-17 16:00,46.1
17-01-17 16:00,45.68
18-01-17 16:00,46.26
19-01-17 16:00,45.7
20-01-17 16:00,46.03
23-01-17 16:00,45.93
24-01-17 16:00,46.74
25-01-17 16:00,47.09
26-01-17 16:00,47.15
27-01-17 16:00,46.7
30-01-17 16:00,46.42
31-01-17 16:00,46.58
01-02-17 16:00,46.2
02-02-17 16:00,46.27
03-02-17 16:00,46.61
06-02-17 16:00,46.5
07-02-17 16:00,46.42
08-02-17 16:00,46.25
09-02-17 16:00,46.24
10-02-17 16:00,46.48
13-02-17 16:00,46.81
14-02-17 16:00,46.96
15-02-17 16:00,47.25
16-02-17 16:00,47.05
17-02-17 16:00,46.98
21-02-17 16:00,47.12
22-02-17 16:00,47.12
23-02-17 16:00,47.42
24-02-17 16:00,47.23
27-02-17 16:00,47.08
28-02-17 16:00,46.98
01-03-17 16:00,47.82
02-03-17 16:00,47.25
03-03-17 16:00,47.68
06-03-17 16:00,47.51
07-03-17 16:00,47.45
08-03-17 16:00,47.26
09-03-17 16:00,47.14
10-03-17 16:00,47.2
13-03-17 16:00,47.15
14-03-17 16:00,47.2
15-03-17 16:00,47.54
16-03-17 16:00,47.37
17-03-17 16:00,47.21
20-03-17 16:00,46.88
21-03-17 16:00,46.47
22-03-17 16:00,46.23
23-03-17 16:00,46.34
24-03-17 16:00,46.04
27-03-17 16:00,45.92
28-03-17 16:00,46.49
29-03-17 16:00,46.35
30-03-17 16:00,46.86
31-03-17 16:00,46.77
03-04-17 16:00,46.74
04-04-17 16:00,47.09
05-04-17 16:00,47
06-04-17 16:00,47.3
07-04-17 16:00,47.24
10-04-17 16:00,47.46
11-04-17 16:00,47.21
12-04-17 16:00,46.72
13-04-17 16:00,46.13
17-04-17 16:00,46.48
18-04-17 16:00,46.16
19-04-17 16:00,45.88
20-04-17 16:00,46.06
21-04-17 16:00,45.95
24-04-17 16:00,47.05
25-04-17 16:00,47.34
26-04-17 16:00,47.45
27-04-17 16:00,47.33
28-04-17 16:00,46.62
01-05-17 16:00,47.22
02-05-17 16:00,47.05
03-05-17 16:00,47.01
04-05-17 16:00,46.75
05-05-17 16:00,47.01
08-05-17 16:00,46.76
09-05-17 16:00,46.33
10-05-17 16:00,46.45
11-05-17 16:00,45.91
12-05-17 16:00,45.76
15-05-17 16:00,46.07
16-05-17 16:00,46.38
17-05-17 16:00,45.83
18-05-17 16:00,46.05
19-05-17 16:00,45.92
22-05-17 16:00,46.37
23-05-17 16:00,46.78
24-05-17 16:00,46.49
25-05-17 16:00,46.75
26-05-17 16:00,46.88
30-05-17 16:00,46.88
31-05-17 16:00,47.16
01-06-17 16:00,47.67
02-06-17 16:00,47.3
05-06-17 16:00,47.14
06-06-17 16:00,46.76
07-06-17 16:00,46.66
08-06-17 16:00,46.7
09-06-17 16:00,47.47
12-06-17 16:00,47.65
13-06-17 16:00,47.77
14-06-17 16:00,47.66
15-06-17 16:00,48.05
16-06-17 16:00,48.14
19-06-17 16:00,47.99
20-06-17 16:00,47.51
21-06-17 16:00,46.82
22-06-17 16:00,46.4
23-06-17 16:00,46.28
26-06-17 16:00,46.61
27-06-17 16:00,46.62
28-06-17 16:00,46.97
29-06-17 16:00,46.83
30-06-17 16:00,46.81
03-07-17 16:00,47.4
05-07-17 16:00,47.01
06-07-17 16:00,46.78
07-07-17 16:00,47.21
10-07-17 16:00,47.15
11-07-17 16:00,46.9
12-07-17 16:00,46.79
13-07-17 16:00,46.93
14-07-17 16:00,46.95
17-07-17 16:00,47.15
18-07-17 16:00,47.24
19-07-17 16:00,47.91
20-07-17 16:00,47.8
21-07-17 16:00,47.89
24-07-17 16:00,48.02
25-07-17 16:00,48.48
26-07-17 16:00,48.12
27-07-17 16:00,48.12
28-07-17 16:00,48.26
31-07-17 16:00,48.68
01-08-17 16:00,49.19
02-08-17 16:00,49.12
03-08-17 16:00,48.97
04-08-17 16:00,49.14
07-08-17 16:00,49.02
08-08-17 16:00,48.94
09-08-17 16:00,48.87
10-08-17 16:00,48.58
11-08-17 16:00,48.27
14-08-17 16:00,48.44
15-08-17 16:00,48.37
16-08-17 16:00,48.31
17-08-17 16:00,47.43
18-08-17 16:00,47.58
21-08-17 16:00,47.4
22-08-17 16:00,47.77
23-08-17 16:00,47.49
24-08-17 16:00,47.21
25-08-17 16:00,47.48
28-08-17 16:00,46.9
29-08-17 16:00,46.62
30-08-17 16:00,46.62
31-08-17 16:00,46.58
01-09-17 16:00,46.91
05-09-17 16:00,45.84
06-09-17 16:00,46.17
07-09-17 16:00,45.12
08-09-17 16:00,45.97
11-09-17 16:00,46.73
12-09-17 16:00,46.88
13-09-17 16:00,47.16
14-09-17 16:00,47.22
15-09-17 16:00,47.49
18-09-17 16:00,47.5
19-09-17 16:00,47.69
20-09-17 16:00,47.79
21-09-17 16:00,47.71
22-09-17 16:00,47.61
25-09-17 16:00,47.79
26-09-17 16:00,47.88
27-09-17 16:00,47.84
28-09-17 16:00,47.84
29-09-17 16:00,47.86
02-10-17 16:00,48.12
03-10-17 16:00,48.4
04-10-17 16:00,48.54
05-10-17 16:00,48.9
06-10-17 16:00,48.92
09-10-17 16:00,48.56
10-10-17 16:00,48.95
11-10-17 16:00,48.7
12-10-17 16:00,48.86
13-10-17 16:00,48.85
16-10-17 16:00,49.06
17-10-17 16:00,48.66
18-10-17 16:00,48.69
19-10-17 16:00,48.98
20-10-17 16:00,49
23-10-17 16:00,48.7
24-10-17 16:00,48.51
25-10-17 16:00,48.25
26-10-17 16:00,48.37
27-10-17 16:00,47.95
30-10-17 16:00,49.46
31-10-17 16:00,49.51
01-11-17 16:00,49.54
02-11-17 16:00,49.5
03-11-17 16:00,49.61
06-11-17 16:00,49.68
07-11-17 16:00,49.49
08-11-17 16:00,49.58
09-11-17 16:00,49.34
10-11-17 16:00,49.51
13-11-17 16:00,49.89
14-11-17 16:00,49.94
15-11-17 16:00,49.69
16-11-17 16:00,49.2
17-11-17 16:00,49.22
20-11-17 16:00,49.35
21-11-17 16:00,49.38
22-11-17 16:00,49.36
24-11-17 13:00,49.35
27-11-17 16:00,49.66
28-11-17 16:00,50.11
29-11-17 16:00,50.33
30-11-17 16:00,50.28
01-12-17 16:00,50.49
04-12-17 16:00,50.65
05-12-17 16:00,50.11
06-12-17 16:00,49.96
07-12-17 16:00,49.99
08-12-17 16:00,49.84
11-12-17 16:00,50.05
12-12-17 16:00,50.32
13-12-17 16:00,49.9
14-12-17 16:00,49.45
15-12-17 16:00,49.75
18-12-17 16:00,49.98
19-12-17 16:00,49.64
20-12-17 16:00,49.51
21-12-17 16:00,49.79
22-12-17 16:00,49.66
26-12-17 16:00,49.92
27-12-17 16:00,50
28-12-17 16:00,50.14
29-12-17 16:00,50.03
02-01-18 16:00,49.89
03-01-18 16:00,50.47
04-01-18 16:00,50.72
05-01-18 16:00,50.62
08-01-18 16:00,50.58
09-01-18 16:00,51.13
10-01-18 16:00,51.21
11-01-18 16:00,51.51
12-01-18 16:00,52.78
16-01-18 16:00,52.19
17-01-18 16:00,52.35
18-01-18 16:00,52.52
19-01-18 16:00,52.51
22-01-18 16:00,52.8
23-01-18 16:00,52.9
24-01-18 16:00,53.04
25-01-18 16:00,53.15
26-01-18 16:00,53.46
29-01-18 16:00,53.11
30-01-18 16:00,51.99
31-01-18 16:00,51.65
01-02-18 16:00,51.59
02-02-18 16:00,50.82
05-02-18 16:00,48.19
06-02-18 16:00,47.81
07-02-18 16:00,47.86
08-02-18 16:00,46.05
09-02-18 16:00,46.73
12-02-18 16:00,47.5
13-02-18 16:00,48.09
14-02-18 16:00,48.87
15-02-18 16:00,49.89
16-02-18 16:00,50.08
20-02-18 16:00,49.89
21-02-18 16:00,49.75
22-02-18 16:00,49.6
23-02-18 16:00,50.34
26-02-18 16:00,50.73
27-02-18 16:00,50.18
28-02-18 16:00,49.33
01-03-18 16:00,48.65
02-03-18 16:00,48.82
05-03-18 16:00,50.37
06-03-18 16:00,50.88
07-03-18 16:00,50.94
08-03-18 16:00,51.26
09-03-18 16:00,51.72
12-03-18 16:00,51.51
13-03-18 16:00,51.24
14-03-18 16:00,50.96
15-03-18 16:00,50.94
16-03-18 16:00,51.16
19-03-18 16:00,50.99
20-03-18 16:00,51.41
21-03-18 16:00,51.59
22-03-18 16:00,50.24
23-03-18 16:00,49.07
26-03-18 16:00,50.12
27-03-18 16:00,49.1
28-03-18 16:00,49.44
29-03-18 16:00,49.73
02-04-18 16:00,48.65
03-04-18 16:00,49.47
04-04-18 16:00,49.93
05-04-18 16:00,50.51
06-04-18 16:00,49.38
09-04-18 16:00,49.63
10-04-18 16:00,50.43
11-04-18 16:00,50.08
12-04-18 16:00,50.54
13-04-18 16:00,50.43
16-04-18 16:00,51.02
17-04-18 16:00,51
18-04-18 16:00,51.02
19-04-18 16:00,51.52
20-04-18 16:00,51.57
23-04-18 16:00,51.62
24-04-18 16:00,51.28
25-04-18 16:00,51.54
26-04-18 16:00,51.7
27-04-18 16:00,51.75
30-04-18 16:00,52.46
01-05-18 16:00,52.44
02-05-18 16:00,51.09
03-05-18 16:00,50.44
04-05-18 16:00,50.97
07-05-18 16:00,51.2
08-05-18 16:00,51.23
09-05-18 16:00,51.61
10-05-18 16:00,51.61
11-05-18 16:00,51.69
14-05-18 16:00,51.26
15-05-18 16:00,51.34
16-05-18 16:00,51.3
17-05-18 16:00,51.45
18-05-18 16:00,51.31
21-05-18 16:00,51.42
22-05-18 16:00,51.29
23-05-18 16:00,50.7
24-05-18 16:00,50.14
25-05-18 16:00,49.73
29-05-18 16:00,47.99
30-05-18 16:00,48.78
31-05-18 16:00,48.87
01-06-18 16:00,49.18
04-06-18 16:00,49.64
05-06-18 16:00,49.62
06-06-18 16:00,49.72
07-06-18 16:00,50.13
08-06-18 16:00,50.42
11-06-18 16:00,50.03
12-06-18 16:00,49.78
13-06-18 16:00,49.82
14-06-18 16:00,49.61
15-06-18 16:00,49.89
18-06-18 16:00,49.93
19-06-18 16:00,49.73
20-06-18 16:00,49.19
21-06-18 16:00,48.57
22-06-18 16:00,48.77
25-06-18 16:00,48.86
26-06-18 16:00,48.64
27-06-18 16:00,48.07
28-06-18 16:00,48.29
29-06-18 16:00,48.28
02-07-18 16:00,48.29
03-07-18 13:00,48.3
05-07-18 16:00,48.36
06-07-18 16:00,48.9
09-07-18 16:00,50.06
10-07-18 16:00,49.91
11-07-18 16:00,49.53
12-07-18 16:00,49.36
13-07-18 16:00,49.49
16-07-18 16:00,49.81
17-07-18 16:00,49.71
18-07-18 16:00,50.18
19-07-18 16:00,49.39
20-07-18 16:00,49.62
23-07-18 16:00,49.89
24-07-18 16:00,50.04
25-07-18 16:00,49.88
26-07-18 16:00,50.13
27-07-18 16:00,49.77
30-07-18 16:00,49.82
31-07-18 16:00,50.78
01-08-18 16:00,51.59
02-08-18 16:00,50.97
03-08-18 16:00,51.14
06-08-18 16:00,50.95
07-08-18 16:00,50.84
08-08-18 16:00,50.73
09-08-18 16:00,50.33
10-08-18 16:00,50.11
13-08-18 16:00,49.72
14-08-18 16:00,49.95
15-08-18 16:00,49.71
16-08-18 16:00,50.15
17-08-18 16:00,50.16
20-08-18 16:00,50.05
21-08-18 16:00,50.11
22-08-18 16:00,49.75
23-08-18 16:00,49.42
24-08-18 16:00,49.83
27-08-18 16:00,50.21
28-08-18 16:00,50.27
29-08-18 16:00,50.46
30-08-18 16:00,50.21
31-08-18 16:00,50.31
04-09-18 16:00,50.27
05-09-18 16:00,50.27
06-09-18 16:00,49.89
07-09-18 16:00,49.66
10-09-18 16:00,49.96
11-09-18 16:00,50.11
12-09-18 16:00,49.87
13-09-18 16:00,50.37
14-09-18 16:00,50.98
17-09-18 16:00,50.76
18-09-18 16:00,51.04
19-09-18 16:00,51.8
20-09-18 16:00,52.16
21-09-18 16:00,51.76
24-09-18 16:00,51.03
25-09-18 16:00,50.74
26-09-18 16:00,49.97
27-09-18 16:00,49.94
28-09-18 16:00,50.23
01-10-18 16:00,50.25
02-10-18 16:00,50.1
03-10-18 16:00,50.15
04-10-18 16:00,50.35
05-10-18 16:00,49.93
08-10-18 16:00,50.88
09-10-18 16:00,50.72
10-10-18 16:00,49.21
11-10-18 16:00,47.24
12-10-18 16:00,46.8
15-10-18 16:00,46.84
16-10-18 16:00,47.06
17-10-18 16:00,47.32
18-10-18 16:00,46.75
19-10-18 16:00,47
22-10-18 16:00,46.57
23-10-18 16:00,46.18
24-10-18 16:00,44.83
25-10-18 16:00,45.75
26-10-18 16:00,45.2
29-10-18 16:00,45.3
30-10-18 16:00,46.12
31-10-18 16:00,46.56
01-11-18 16:00,47.16
02-11-18 16:00,46.29
05-11-18 16:00,48.8
06-11-18 16:00,49.51
07-11-18 16:00,49.74
08-11-18 16:00,49.44
09-11-18 16:00,49.59
12-11-18 16:00,48.77
13-11-18 16:00,48.65
14-11-18 16:00,47.49
15-11-18 16:00,48.15
16-11-18 16:00,48.5
19-11-18 16:00,48.45
20-11-18 16:00,47.43
21-11-18 16:00,47.3
23-11-18 13:00,46.97
26-11-18 16:00,48.06
27-11-18 16:00,47.55
28-11-18 16:00,48.73
29-11-18 16:00,47.98
30-11-18 16:00,48.06
03-12-18 16:00,48.5
04-12-18 16:00,46.97
06-12-18 16:00,46.92
07-12-18 16:00,45.78
10-12-18 16:00,45.14
11-12-18 16:00,44.86
12-12-18 16:00,45.09
13-12-18 16:00,45.51
14-12-18 16:00,45.07
17-12-18 16:00,45.01
18-12-18 16:00,45.06
19-12-18 16:00,44.88
20-12-18 16:00,44.65
21-12-18 16:00,43.87
24-12-18 13:00,42.54
26-12-18 16:00,44.46
27-12-18 16:00,44.97
28-12-18 16:00,44.91
31-12-18 16:00,45.52
02-01-19 16:00,45.08
03-01-19 16:00,44.52
04-01-19 16:00,45.65
07-01-19 16:00,45.96
08-01-19 16:00,45.85
09-01-19 16:00,46.05
10-01-19 16:00,46.39
11-01-19 16:00,46.58
14-01-19 16:00,46.65
15-01-19 16:00,46.65
16-01-19 16:00,46.68
17-01-19 16:00,46.8
18-01-19 16:00,47.53
22-01-19 16:00,46.94
23-01-19 16:00,47.26
24-01-19 16:00,47.42
25-01-19 16:00,47.79
28-01-19 16:00,47.65
29-01-19 16:00,47.73
30-01-19 16:00,48.11
31-01-19 16:00,47.9
01-02-19 16:00,48.05
04-02-19 16:00,48.01
05-02-19 16:00,48.08
06-02-19 16:00,48.02
07-02-19 16:00,47.84
08-02-19 16:00,47.47
11-02-19 16:00,44.56
12-02-19 16:00,45.92
13-02-19 16:00,46.77
14-02-19 16:00,45.88
15-02-19 16:00,46.7
19-02-19 16:00,47.06
20-02-19 16:00,47.44
21-02-19 16:00,47.53
22-02-19 16:00,47.79
25-02-19 16:00,47.98
26-02-19 16:00,47.58
27-02-19 16:00,47.57
28-02-19 16:00,47.62
01-03-19 16:00,47.9
04-03-19 16:00,48.11
05-03-19 16:00,47.93
06-03-19 16:00,47.44
07-03-19 16:00,46.82
08-03-19 16:00,46.88
11-03-19 16:00,47.2
12-03-19 16:00,47.59
13-03-19 16:00,47.71
14-03-19 16:00,47.89
15-03-19 16:00,47.78
18-03-19 16:00,48.41
19-03-19 16:00,48.04
20-03-19 16:00,47.51
21-03-19 16:00,47.93
22-03-19 16:00,47.33
25-03-19 16:00,47.1
26-03-19 16:00,47.57
27-03-19 16:00,47.73
28-03-19 16:00,47.86
29-03-19 16:00,47.93
01-04-19 16:00,48.68
02-04-19 16:00,48.19
03-04-19 16:00,48.2
04-04-19 16:00,48.49
05-04-19 16:00,48.6
08-04-19 16:00,48.59
09-04-19 16:00,48.34
10-04-19 16:00,48.68
11-04-19 16:00,49.1
12-04-19 16:00,49.28
15-04-19 16:00,49.17
16-04-19 16:00,49.66
17-04-19 16:00,49.24
18-04-19 16:00,48.82
22-04-19 16:00,49.22
23-04-19 16:00,49.44
24-04-19 16:00,49.49
25-04-19 16:00,49.68
26-04-19 16:00,50.18
29-04-19 16:00,50.93
30-04-19 16:00,51.29
